Timestamp,RSS
0,4702208
1,261922816
2,453836800
3,848998400
4,861077504
5,990330880
6,951410688
7,943820800
8,896151552
9,730324992
10,737316864
11,739160064
12,743129088
13,577765376
14,663973888
15,742473728
16,683257856
17,677670912
18,536948736
19,638693376
20,654061568
21,532152320
22,763600896
23,841367552
24,930525184
25,1432752128
26,1201491968
27,819789824
28,474710016
29,495628288
30,435089408
31,405303296
32,263331840
33,265457664
34,265457664
35,1152684032
36,1145221120
37,1147383808
38,1149546496
39,1151438848
40,1153601536
41,1155493888
42,1157386240
43,1159548928
44,1161441280
45,1260900352
46,1170604032
47,1240616960
48,1170575360
49,1170575360
50,1170583552
51,1261142016
52,1170636800
53,1227673600
54,1170636800
55,1170636800
56,1170636800
57,1261195264
58,1170632704
59,1170632704
60,1170632704
61,1170657280
62,1246617600
63,1170657280
64,1170657280
65,1170657280
66,1170681856
67,1170681856
68,1246912512
69,1170706432
70,1161277440
71,1161277440
72,1261031424
73,1226936320
74,1170710528
75,1170710528
76,1170710528
77,1261174784
78,1161277440
79,1166684160
80,1170710528
81,1170710528
82,1170710528
83,1249644544
84,1170710528
85,1161277440
86,1161277440
87,1170710528
88,1246670848
89,1170710528
90,1170710528
91,1170710528
92,1170710528
93,1170710528
94,1170710528
95,1170710528
96,1170710528
97,1170710528
98,1170710528
99,1161277440
100,1161543680
101,1246666752
102,1170710528
103,1170710528
104,1170710528
105,1170710528
106,1244954624
107,1161277440
108,1161277440
109,1170710528
110,1261268992
111,1170710528
112,1240723456
113,1170710528
114,1161277440
115,1161277440
116,1261031424
117,1166684160
118,1161539584
119,1161539584
120,1161302016
121,1249701888
122,1161293824
123,1166700544
124,1170714624
125,1170714624
126,1170714624
127,1246674944
128,1170714624
129,1170735104
130,1170735104
131,1170739200
132,1246699520
133,1170739200
134,1170739200
135,1170739200
136,1261297664
137,1170735104
138,1240748032
139,1170735104
140,1170735104
141,1170735104
142,1170735104
143,1170735104
144,1170735104
145,1170735104
146,1170735104
147,1170735104
148,1170735104
149,1170706432
150,1240719360
151,1170706432
152,1170706432
153,1170706432
154,1261264896
155,1170706432
156,1231527936
157,1161449472
158,1161449472
159,1161449472
160,1261203456
161,1170706432
162,1170706432
163,1170706432
164,1170706432
165,1249579008
166,1161449472
167,1166856192
168,1161449472
169,1161449472
170,1161449472
171,1246605312
172,1161449472
173,1161449472
174,1161449472
175,1161449472
176,1246605312
177,1161449472
178,1161449472
179,1170706432
180,1261264896
181,1170706432
182,1240719360
183,1170706432
184,1170706432
185,1170706432
186,1261264896
187,1170706432
188,1170706432
189,1170706432
190,1170706432
191,1255317504
192,1170706432
193,1170706432
194,1170706432
195,1170706432
196,1170706432
197,1170706432
198,1170706432
199,1170706432
200,1237143552
201,1161449472
202,1170706432
203,1170706432
204,1261264896
205,1170706432
206,1170706432
207,1170706432
208,1161449472
209,1249579008
210,1161449472
211,1166856192
212,1170706432
213,1170706432
214,1170706432
215,1246666752
216,1170706432
217,1161449472
218,1161449472
219,1261203456
220,1166856192
221,1161449472
222,1161449472
223,1161449472
224,1249579008
225,1161449472
226,1166856192
227,1161449472
228,1161449472
229,1161449472
230,1249579008
231,1161449472
232,1161449472
233,1161449472
